name,sex,p_birth,p_death,d_birth,d_death,hebrew_speaker
אבון,male,al-Andalus,Narbonne,1105-01-01,1170-01-01,True
אברהם אבן עזרא,male,Tudela,Tudela,1089-01-01,1167-10-15,True
אברהם בן חלפון,male,Yeman,Yeman,1200-06-21,1250-06-21,True
אברהם בן־יצחק,male,Ukraine,Israel,1883-09-13,1950-05-29,True
אברהם גולדפדן,male,Starokostiantyniv,New York City,1840-07-24,1908-09-01,True
אברהם ליסין,male,Minsk,New York City,1872-05-19,1938-05-11,False
אברהם סולודר,male,Ukraine,USA,1890-01-01,1936-01-01,True
אברהם שטרן,male,Suwałki,Tel Aviv,1907-12-23,1942-12-02,True
"אד""ם הכהן",male,Vilnius,Vilnius,1794-01-01,1878-11-19,True
אדגר אלן פו,male,Boston,Baltimore,1809-01-19,1849-10-07,False
אדם מיצקביץ',male,Zavosse,Istanbul,1798-12-24,1855-11-26,False
אדמון רוסטאן,male,Marseille,Paris,1868-04-01,1918-02-12,False
אהרן שמי,male,Israel,Israel,1929-02-02,2010-09-24,True
אובידיוס,male,Sulmona,Constanța,-043-03-21,0017-01-01,False
אוהב בן מאיר הנשיא,male,al-Andalus,Narbonne,1105-01-01,1170-01-01,True
אורי ניסן גנסין,male,Starodub,Warsaw,1879-10-29,1913-06-03,True
איוואן בונין,male,Voronezh,Paris,1870-08-22,1953-08-11,False
אינוקנטי אננסקי,male,Omsk,Saint Petersburg,1855-01-09,1909-12-13,False
"איתמר בן-אב""י",male,Jerusalem,New York City,1882-07-31,1943-08-04,True
אל-חרירי,male,Basra,Basra,1054-01-01,1122-01-01,False
אלכסנדר סרגיביץ' פושקין,male,Moscow,Saint Petersburg,1799-06-06,1837-02-10,False
אלמוני/ת,,,,,,False
אלפרד דה מיסה,male,Paris,Paris,1810-12-11,1857-05-02,False
אלתר לוין,male,Russian Empire,Jerusalem,1883-01-04,1933-04-10,True
אנאקראון,male,Teos,Teos,-570-01-01,-485-01-01,False
אנדרה שנייה,male,Istanbul,Paris,1762-10-30,1794-07-25,False
אסאיאס טגנר,male,Sweden,Sweden,1782-11-13,1846-11-02,False
אפרים לוצטו,male,San Daniele del Friuli,Lausanne,1729-01-01,1792-01-01,True
ג'ון מילטון,male,Cheapside,London,1608-09-09,1674-11-08,False
ג'סי סמפטר,female,New York City,Mandatory Palestine,1883-03-22,1938-11-25,True
גבריאלֶה ד'אנונציו,male,Italy,Italy,1863-03-12,1938-01-03,False
דוד זמושץ',male,Germany,Germany,1789-01-06,1854-11-08,True
דוד פוגל,male,Sataniv,Auschwitz-Birkenau,1891-05-15,1944-10-03,True
דוד פרישמן,male,Zgierz,Berlin,1859-12-31,1922-04-08,True
דונש הלוי בן לברט,male,Fez,Córdoba,0920-01-01,0990-01-01,True
דיוניסיוס סולומוס,male,Zakynthos,Corfu,1798-04-08,1857-02-09,False
דנטה אליגיירי,male,Florence,Ravenna,1265-05-21,1321-09-13,False
הומרוס,male,Smyrna,Ios,-900-01-01,-800-01-01,False
הורטיוס,male,Venosa,Rome,-065-12-08,-027-11-08,False
היינריך היינה,male,Düsseldorf,Paris,1797-12-13,1856-02-17,False
הנרי וודסוורת' לונגפלו,male,Portland,Cambridge,1807-02-27,1882-03-24,False
וידל בנבנשתי,male,Spain,Spain,1380-01-01,1439-01-01,True
וילהלם בוש,male,Wiedensahl,Mechtshausen,1832-04-15,1908-09-01,False
ויליאם שייקספיר,male,Stratford-upon-Avon,Stratford-upon-Avon,1564-04-26,1616-04-23,False
ולדיסלב חודסביץ',male,Russian Empire,Russian Empire,1886-11-21,1933-11-21,False
ורגיליוס,male,Borgo Virgilio,Brindisi,-070-10-15,-019-09-21,False
ז'וזה מריה דה ארדיה,male,Cuba,Cuba,1842-12-11,1905-02-05,False
זאב ז'בוטינסקי,male,Odessa,Hunter,1880-10-17,1940-03-08,True
חאפז,male,Shiraz,Shiraz,1325-01-01,1389-01-01,False
חיא,male,,,,,True
חיים ארלוזורוב,male,Romny,Tel Aviv,1899-02-23,1933-06-16,True
חיים דוד נוסבוים,male,Poland,USA,1860-07-12,1944-10-12,True
חיים יעקב בן ברוך אונגר,male,Germany,Germany,1826-03-02,1912-11-06,True
חיים לנסקי,male,Slonim,Siberia,1905-01-01,1943-01-01,True
חיים נחמן ביאליק,male,Hrada,Vienna,1873-01-09,1934-04-07,True
חנה סנש,female,Budapest,Budapest,1921-07-17,1944-07-11,True
טוביה בן משה כץ,male,Metz,Jerusalem,1652-03-16,1729-11-30,True
יהודה אבן גיאת,male,Spain,Spain,1038-08-15,1089-08-15,True
יהודה אבן שבתי,male,al-Andalus,Narbonne,1105-01-01,1170-01-01,True
יהודה אלחריזי,male,Toledo,Aleppo,1165-01-01,1225-12-03,True
יהודה בן קורייש,male,Algire,Algire,0750-02-22,0800-02-22,True
יהודה הלוי,male,Tudela,Jerusalem,1075-01-01,1141-01-01,True
יהודה ליב גורדון,male,Vilnius,Saint Petersburg,1830-12-07,1892-09-16,True
יהודה קרני,male,Pinsk,Tel Aviv,1884-01-01,1949-03-01,True
יהודה שטיינברג,male,Lipcani,Odessa,1863-02-26,1908-10-03,True
יהושע אטלס,male,Russian Empire,Russian Empire,1859-02-18,1928-03-05,True
יואל משה סלומון,male,Jerusalem,Jerusalem,1838-03-08,1912-10-22,True
יוהאן וולפגנג פון גתה,male,Frankfurt,Weimar,1749-08-28,1832-03-22,False
יוליוש סלובצקי,male,Kremenets,Paris,1809-09-04,1849-04-03,False
יוסף אבן אביתור,male,Mérida,Damascus,0950-03-27,1025-05-21,True
יוסף אבן ברזל,male,al-Andalus,Narbonne,1105-01-01,1170-01-01,True
יוסף אבן זבארה,male,Barcelona,Barcelona,1140-01-01,1190-01-01,True
יוסף אבן חסדאי,male,Spain,Spain,1050-01-07,1100-01-07,True
יוסף אבן סהל,male,Córdoba,Córdoba,1080-03-27,1124-05-21,True
יוסף אבן צדיק,male,Córdoba,Córdoba,1075-01-01,1149-01-01,True
יוסף אבן ששת,male,Spain,Spain,1308-01-01,1358-01-01,True
יוסף בן שמואל צרפתי,male,Rome,Florence,1470-05-05,1527-01-01,True
יוסף זליגר,male,Sniatyn,Jerusalem,1872-05-29,1919-02-28,True
יוסף קמחי,male,al-Andalus,Narbonne,1105-01-01,1170-01-01,True
יעקב אייכנבוים,male,Chervonohrad,Kyiv,1796-10-12,1861-10-12,True
יעקב לרנר,male,Ukraine,Ukraine,1879-01-01,1918-12-06,True
יעקב שטיינברג,male,Bila Tserkva,Tel Aviv,1887-09-01,1947-06-22,True
יצחק אבן גיאת,male,Córdoba,Córdoba,1038-03-27,1089-05-21,True
יצחק אבן כלפון,male,Córdoba,Córdoba,0960-12-02,1020-12-02,True
יצחק אבן מר שאול,male,Spain,Spain,0970-01-01,1090-01-01,True
יצחק אבן עזרא,male,Córdoba,Baghdad,1114-01-01,1158-01-01,True
יצחק אבן קפרון,male,Córdoba,Córdoba,0950-01-01,1000-01-01,True
"יצחק בעל ""משלי ערב""",male,Jerusalem,Jerusalem,1863-10-22,1941-03-24,True
יצחק בעל “עזרת נשים”,male,,,,,True
יצחק בר שֵׁשֶׁת בֶּרְפֶת,male,Barcelona,Algire,1326-07-29,1408-07-29,True
יצחק ליבוש פרץ,male,Zamość,Warsaw,1852-05-18,1915-03-04,True
יצחק מירקין,male,Israel,Israel,1871-12-07,1941-04-07,True
יצחק קצנלסון,male,KaKarelichy,Auschwitz II-Birkenau,1886-07-01,1944-01-05,True
ישראל דושמן,male,Vilnius,Tel Aviv,1884-01-01,1947-07-14,True
ישראל חצקביץ,male,Ukraine,Givat Hashlosha,1897-09-15,1939-02-23,True
לאופולד שפר,male,Germany,Germany,1784-12-28,1862-11-18,False
לואיס קמואנס,male,Spain,Spain,1524-10-23,1580-01-20,False
לודוויג רלשטאב,male,Germany,Germany,1799-08-05,1860-07-06,False
לוי אבן מר שאול,male,Spain,Spain,0970-01-01,1090-01-01,True
לורד ביירון,male,London,Missolonghi,1788-01-22,1824-04-19,False
לייזר וולף,male,Vilnius,Samarqand Region,1910-01-01,1943-01-01,False
מאיר הלוי לטריס,male,Zhovkva,Vienna,1800-09-13,1871-05-19,True
מיכאיל לרמונטוב,male,Moscow,Pyatigorsk,1814-10-15,1841-07-27,False
מיכה יוסף לבנזון,male,Vilnius,Vilnius,1828-02-22,1852-02-17,True
מנחם מנדל דוליצקי,male,Poland,USA,1856-02-22,1931-02-22,True
מרדכי צבי מאנה,male,Radashkovichy,Radashkovichy,1859-05-05,1886-10-15,True
משה אבן אלתקאנה,male,Spain,Spain,1000-02-07,1050-02-07,True
משה אבן עזרא,male,Granada,Granada,1055-01-01,1140-01-01,True
משה חיים לוצטו,male,Padua,Acre,1707-01-01,1746-05-16,True
משה יעקב בן דוד אוטולנגי,male,Greece,Greece,1840-09-28,1901-09-28,True
מתתיהו שוהם,male,Warsaw,Warsaw,1893-01-01,1937-04-07,True
נח פינס,male,Poland,Israel,1871-09-01,1939-06-22,True
נחום סוקולוב,male,Wyszogród,London,1859-01-10,1936-05-17,True
נפתלי הרץ אימבר,male,Zolochiv,Manhattan,1856-12-27,1909-08-10,True
סרגי יסנין,male,Konstantinovo,Saint Petersburg,1895-03-28,1925-12-28,False
עומר כיאם,male,Nishapur,Nishapur,1048-05-18,1131-12-04,False
עמנואל הרומי,male,Rome,Fermo,1260-01-01,1336-01-01,True
פּוֹל וֶרלֶן,male,France,France,1844-08-05,1896-07-06,False
פניה ברגשטיין,female,Szczuczyn,Afula,1908-11-04,1950-09-18,True
פסח גינזבורג,male,Lipnik,Jerusalem,1894-04-28,1947-01-29,True
פרידריך ניטשה,male,Röcken,Weimar,1844-10-15,1900-08-25,False
פרידריך שילר,male,Marbach am Neckar,Weimar,1759-11-10,1805-05-09,False
פרנסיס ז’ם,male,France,France,1868-12-02,1938-01-11,False
פרנסיס תומפסון,male,London,London,1859-12-16,1907-12-13,False
פרסי ביש שלי,male,Horsham,La Spezia,1792-08-04,1822-07-08,False
צבי אלעזר טלר,male,Zolochiv,Przemyśl,1840-07-18,1914-01-01,True
צבי שץ,male,Russian Empire,Jaffa,1890-01-01,1921-02-05,True
ציליה דראפקין,female,Babruysk,New York City,1887-12-05,1956-08-17,False
קדיש יהודה סילמן,male,Lithuania,Jerusalem,1880-11-28,1937-11-13,True
קורנל אוייסקי,male,Poland,Poland,1823-09-04,1897-04-03,False
קלמן שולמן,male,Bykhaw,Vilnius,1819-01-01,1899-01-02,True
רבינדראנאת טאגור,male,India,India,1861-05-07,1941-07-08,False
רוברט ברנז,male,Alloway,Dumfries,1759-01-25,1796-07-21,False
רחל בלובשטיין,female,Saratov,Tel Aviv,1890-09-20,1931-04-16,True
רחל לוצטו מורפורגו,female,Italy,Italy,1790-04-08,1871-08-22,True
ריינר מריה רילקה,male,Prague,Montreux,1875-12-04,1926-12-29,False
ריכרד דֵמֶל,male,Germany,Germany,1863-12-11,1920-02-05,False
שאול טשרניחובסקי,male,Mykhailivka,Jerusalem,1875-08-20,1943-10-14,True
שאול יצחק קמפף,male,Kreis Lissa,Prague,1818-05-06,1892-10-16,False
שארל בודלר,male,Paris,Paris,1821-04-09,1867-08-31,False
שותא רוסתאוולי,male,Rustavi,Jerusalem,1172-01-01,1216-01-01,False
שטפן גאורגה,male,Büdesheim,Minusio,1868-07-12,1933-04-12,False
שלום עליכם,male,Pereiaslav,New York City,1859-03-02,1916-05-13,True
שלום שבזי,male,Taizz,Taizz,1619-01-10,1720-01-10,True
שלמה אבן-אלמעלם,male,Sevilla,Morocco,1050-01-01,1150-01-01,True
שלמה אבן גבירול,male,Málaga,Valencia,1021-01-01,1057-11-18,True
שלמה אבן צקבל,male,Córdoba,Córdoba,1075-01-01,1149-01-01,True
שלמה אנ-סקי,male,Chashniki,Warsaw,1863-10-15,1920-08-11,False
שלמה מנדלקרן,male,Mlyniv,Vienna,1846-01-01,1902-01-01,True
שמואל בן עזריאל מולדר,male,Netherlands,Netherlands,1792-06-20,1862-12-29,True
שמואל דוד לוצטו,male,Trieste,Padua,1800-08-22,1865-09-29,True
שמואל הנגיד,male,Córdoba,Granada,0933-06-09,1056-06-09,True
שמואל לייב גורדון,male,Lida,Tel Aviv,1867-01-01,1933-11-19,True
שמחה בן-ציון,male,Teleneşti,Tel Aviv,1870-11-27,1932-02-06,True
שמעון בן צמח דוּרָאן,male,Palma,Algire,1361-12-04,1444-02-05,True
שמעון גינצבורג,male,Lipnik,New York City,1890-11-18,1944-11-01,True
שמעון שמואל פרוג,male,Bobrovyi Kut,Odessa,1860-11-15,1916-09-22,True
שמריהו לוין,male,Svislač,Haifa,1867-01-01,1935-09-06,True
שרה שפירא,female,Russian Empire,Russian Empire,1866-01-12,1932-11-22,True
שרל ון לרברג,male,belgium,belgium,1861-11-22,1907-01-03,False
תאופיל גוטייה,male,Tarbes,Neuilly-sur-Seine,1811-08-30,1872-10-23,False
תומאס הוד,male,London,London,1799-05-23,1845-05-09,False
